书名,作者,译者,出版单位,出版时间,定价,豆瓣评分,评价人数,短评
红楼梦,[清] 曹雪芹 著 ,, 人民文学出版社 , 1996-12 , 59.70元,9.6,303677人评价,都云作者痴，谁解其中味？
活着,余华 ,, 作家出版社 , 2012-8-1 , 20.00元,9.4,529356人评价,生的苦难与伟大
1984,[英] 乔治・奥威尔 , 刘绍铭 , 北京十月文艺出版社 , 2010-4-1 , 28.00,9.3,158607人评价,栗树荫下，我出卖你，你出卖我
百年孤独,[哥伦比亚] 加西亚・马尔克斯 , 范晔 , 南海出版公司 , 2011-6 , 39.50元,9.2,307347人评价,魔幻现实主义文学代表作
飘,[美国] 玛格丽特・米切尔 , 李美华 , 译林出版社 , 2000-9 , 40.00元,9.3,164483人评价,革命时期的爱情，随风而逝
三体全集,刘慈欣 ,, 重庆出版社 , 2012-1-1 , 168.00元,9.4,61406人评价,地球往事三部曲
三国演义（全二册）,[明] 罗贯中 ,, 人民文学出版社 , 1998-05 , 39.50元,9.3,127501人评价,是非成败转头空
房思琪的初恋乐园,林奕含 ,, 北京联合出版公司 , 2018-1 , 45.00元,9.2,209078人评价,向死而生的文学绝唱
白夜行,[日] 东野圭吾 , 刘姿君 , 南海出版公司 , 2013-1-1 , 39.50元,9.1,295759人评价,一宗离奇命案牵出跨度近20年步步惊心的故事
动物农场,[英] 乔治・奥威尔 , 荣如德 , 上海译文出版社 , 2007-3 , 10.00元,9.2,97882人评价,太阳底下并无新事
福尔摩斯探案全集（上中下）,[英] 阿・柯南道尔 ,, 丁钟华 等 , 群众出版社 ,,9.3,95794人评价,名侦探的代名词
小王子,[法] 圣埃克苏佩里 , 马振聘 , 人民文学出版社 , 2003-8 , 22.00元,9.0,597508人评价,献给长成了大人的孩子们
天龙八部,金庸 ,, 生活.读书.新知三联书店 , 1994-5 , 96.0,9.1,105891人评价,有情皆孽，无人不冤
撒哈拉的故事,三毛 ,, 哈尔滨出版社 , 2003-8 , 15.80元,9.2,91041人评价,游荡的自由灵魂
安徒生童话故事集,（丹麦）安徒生 , 叶君健 , 人民文学出版社 , 1997-08 , 25.00元,9.2,93484人评价,为了争取未来的一代
哈利61波特,J.K.罗琳 (J.K.Rowling) , 苏农 , 人民文学出版社 , 2008-12-1 , 498.00元,9.7,29502人评价,从906站台开始的旅程
沉默的大多数,王小波 ,, 中国青年出版社 , 1997-10 , 27.00元,9.1,105975人评价,沉默是沉默者的通行证
冰与火之歌（卷一）,[美] 乔治・R. R. 马丁 , 谭光磊 , 重庆出版社 , 2005-5 , 68.00元,9.3,32652人评价,凛冬将至。无比宏大的世界观
杀死一只知更鸟,[美] 哈珀・李 , 高红梅 , 译林出版社 , 2012-9 , 32.00元,9.2,84169人评价,有一种东西不能遵循从众原则，那就是――人的良心
人类简史,[以色列] 尤瓦尔・赫拉利 , 林俊宏 , 中信出版社 , 2014-11 , CNY 68.00,9.1,138126人评价,跟着人类一同走过十万年
围城,钱锺书 ,, 人民文学出版社 , 1991-2 , 19.00,8.9,382830人评价,幽默的语言和对生活深刻的观察
平凡的世界（全三部）,路遥 ,, 人民文学出版社 , 2005-1 , 64.00元,9.0,260177人评价,中国当代城乡生活全景
局外人,[法] 阿尔贝・加缪 , 柳鸣九 , 上海译文出版社 , 2010-8 , 22.00元,9.0,139427人评价,人生在世，永远也不该演戏作假
霍乱时期的爱情,[哥伦比亚] 加西亚・马尔克斯 , 杨玲 , 南海出版公司 , 2012-9-1 , 39.50元,9.0,193081人评价,义无反顾地直达爱情的核心
明朝那些事儿（1-9）,当年明月 ,, 中国海关出版社 , 2009-4 , 358.20元,9.1,95982人评价,不拘一格的历史书写
笑傲江湖（全四册）,金庸 ,, 生活・读书・新知三联书店 , 1994-5 , 76.80元,9.0,90940人评价,欲练此功，必先自宫
月亮和六便士,[英] 毛姆 , 傅惟慈 , 上海译文出版社 , 2006-8 , 15.00元,9.0,145532人评价,有多少人会经历顿悟，就有更少的人甘愿自我放逐
中国历代政治得失,钱穆 ,, 生活・读书・新知三联书店 , 2001 , 12.00元,9.2,45333人评价,一部简明的“中国政治制度史”
肖申克的救赎,[美] 斯蒂芬・金 , 施寄青 , 人民文学出版社 , 2006-7 , 29.90元,9.1,89089人评价,豆瓣电影Top1原著
基督山伯爵,大仲马 , 周克希 , 上海译文出版社 , 1991-12-1 , 43.90元,9.0,104127人评价,一个报恩复仇的故事，以法国波旁王朝和七月王朝为背景
东方快车谋杀案,[英] 阿加莎・克里斯蒂 , 陈尧光 , 人民文学出版社 , 2006-5 , 18.00元,9.0,101464人评价,谋杀诡计惊人，波洛的抉择耐人寻味
追风筝的人,[美] 卡勒德・胡赛尼 , 李继宏 , 上海人民出版社 , 2006-5 , 29.00元,8.9,662862人评价,为你，千千万万遍
万历十五年,[美] 黄仁宇 ,, 生活・读书・新知三联书店 , 1997-5 , 18.00元,8.9,149222人评价,见微知著，历史观的颠覆
新名字的故事,[意] 埃莱娜・费兰特 , 陈英 , 人民文学出版社 , 2017-4 , 59.00元,9.0,48670人评价,探索青年时代的激情、困惑、挣扎、背叛和失去
江城,[美] 彼得・海斯勒 , 李雪顺 , 上海译文出版社 , 2012-1 , 36.00元,9.1,39414人评价,外国人眼中的涪陵
失踪的孩子,[意] 埃莱娜・费兰特 , 陈英 , 人民文学出版社 , 2018-7 , 62.00元,9.1,38868人评价,我的整个生命，只是一场为了提升社会地位的低俗斗争。
呐喊,鲁迅 ,, 人民文学出版社 , 1973年3月 , 0.36元,8.9,94518人评价,新文学的第一声呐喊
嫌疑人X的献身,[日] 东野圭吾 , 刘子倩 , 南海出版公司 , 2008-9 , 28.00,8.9,425371人评价,数学好是一种极致的浪漫
刀锋,[英]毛姆 , 周煦良 , 上海译文出版社 , 2007-3 , 18.00元,9.0,57787人评价,一把刀的锋刃不容易越过；因此智者说得救之道是困难的
乡土中国,费孝通 ,, 上海人民出版社 , 2006-4 , 38.00,9.2,40428人评价,中国乡土社会传统文化和社会结构理论研究代表作
寻路中国,[美] 彼得・海斯勒 , 李雪顺 , 上海译文出版社 , 2011-1 , 33.00元,9.0,42797人评价,《纽约客》驻北京记者驾车漫游中国大陆的经历
射雕英雄传（全四册）,金庸 ,, 生活・读书・新知三联书店 , 1999-04 , 47.00元,9.0,66848人评价,侠之大者，为国为民
城南旧事,林海音 文 ,, 中国青年出版社 , 2003-7 , 16.00元,9.0,106775人评价,长亭外，古道边，芳草碧连天
我与地坛,史铁生 ,, 春风文艺出版社 , 2002-5 , 25.00元,9.1,63021人评价,这是你的罪孽与福祉
白鹿原,陈忠实 ,, 人民文学出版社 , 2012-9 , 39.00元,9.2,51854人评价,一轴关于我们民族灵魂的现实主义画卷
傲慢与偏见,[英] 奥斯丁 , 张玲 , 人民文学出版社 , 1993-7 , 13.00元,8.9,192247人评价,所有现代言情小说的母体
格林童话全集,[德国]格林兄弟 , 魏以新 , 人民文学出版社 , 1994-11 , 21.45元,9.0,72493人评价,一本有教育意义的书
黄金时代,王小波 ,, 花城出版社 , 1999-3 , 19.00元,8.9,128209人评价,我想爱，想吃，还想在一瞬间变成天上半明半暗的云
无人生还,[英] 阿加莎99克里斯蒂 , 祁阿红 , 人民文学出版社 , 2008-3 , 19.00,8.9,103892人评价,童谣杀人案
文学回忆录,木心 口述 ,, 广西师范大学出版社 , 2013-1-10 , 98.00元,9.1,35223人评价,木心留给世界的礼物
历史深处的忧虑,林达 ,, 生活・读书・新知三联书店 , 1997-5 , 19.00元,9.0,37411人评价,窥见美国社会的一扇窗
艺术的故事,[英] 贡布里希 (Sir E.H.Gombrich) , 范景中 , 广西美术出版社 , 2008-04 , 280.00,9.6,16024人评价,从最早的洞窟绘画到当今的实验艺术
神雕侠侣,金庸 , 有1996年11月北平第4次印本 , 生活・读书・新知三联书店 , 1994-5 , 76.80元,8.9,82351人评价,至情至性，情大于武
悲惨世界（上中下）,[法] 雨果 , 李丹 , 人民文学出版社 , 1992-6 , 66.00元,9.0,51578人评价,现实主义与浪漫主义的至高杰作
史记（全十册）,司马迁 , （索隐）司马贞，（正义）张守节 , 中华书局 , 1982-11 , 125.00,9.5,17694人评价,史家之绝唱，无韵之离骚
许三观卖血记,余华 ,, 南海出版公司 , 1998-9 , 16.80元,8.8,197702人评价,以博大的温情描绘磨难中的人生
上帝掷骰子吗,曹天元 ,, 辽宁教育出版社 , 2006-1 , 32.00元,9.2,23968人评价,量子物理史话
卡拉马佐夫兄弟,[俄] 费奥多尔・陀思妥耶夫斯基 , 荣如德 , 上海译文出版社 , 2006-8 , 25.00元,9.4,16045人评价,错综复杂的社会、家庭矛盾和人性悲剧
树上的男爵,[意] 伊塔洛・卡尔维诺 , 吴正仪 , 译林出版社 , 2012-4-1 , 30.00元,9.1,25728人评价,是不是真的只有先与人疏离，才能最终与他们在一起？
哭泣的骆驼,三毛 ,, 哈尔滨出版社 , 2003-6 , 15.80元,8.9,46170人评价,沙漠中寻常的生与死
看见,柴静 ,, 广西师范大学出版社 , 2013-1-1 , 39.80元,8.8,283370人评价,在这里看见中国
灿烂千阳,[美] 卡勒德・胡赛尼 , 李继宏 , 上海人民出版社 , 2007-9 , 28.00元,8.8,93593人评价,唯有希望与爱可以驱散阴霾
邓小平时代,[美] 傅高义 , 冯克利 , 生活・读书・新知三联书店 , 2013-1 , 88.00元,9.2,31770人评价,个人命运背后的历史变局
浪潮之巅,吴军 ,, 电子工业出版社 , 2011-8 , 55.00元,9.0,27246人评价,了解IT领域的入门读物
台北人,白先勇 ,, 广西师范大学出版社 , 2010-10 , 38.00元,8.9,38173人评价,白先勇短篇小说集
诗经,孔丘 编订 ,, 北京出版社 , 2006-7 , 19.90元,9.4,18723人评价,思无邪
人间词话,王国维 ,, 上海古籍出版社 , 1998-12-01 , 9.80元,9.0,41763人评价,以新眼光评旧文学
西游记（全二册）,吴承恩 , 黄肃秋 注释 , 人民文学出版社 , 2004-8 , 47.20元,8.9,61592人评价,神魔皆有人情，精魅亦通世故
永恒的终结,[美] 艾萨克・阿西莫夫 , 崔正男 , 江苏凤凰文艺出版社 , 2014-9-1 , 32.00元,9.0,25264人评价,关于时间旅行的终极奥秘和恢宏构想
窗边的小豆豆,[日] 黑柳彻子 著 , 赵玉皎 , 南海出版公司 , 2003-1 , 20.00元,8.7,164139人评价,真正懂孩子的教育经
悉达多,[德] 赫尔曼・黑塞 , 杨玉功 译 , 上海人民出版社 , 2009-3 , 20.00,9.0,27412人评价,在那最绝望的一刹那，他突然听到了生命之河永恒的声音……
爱你就像爱生命,王小波 ,, 上海锦绣文章出版社 , 2008-5 , 18.00元,8.8,87770人评价,王小波与李银河的两地书
一个叫欧维的男人决定去死,[瑞典] 弗雷德里克・巴克曼 , 宁蒙 , 四川文艺出版社 , 2015-12 , 35.00元,9.0,37403人评价,这个发生在瑞典的故事，如生命庆典般绚丽斑斓
我们仨,杨绛 ,, 生活・读书・新知三联书店 , 2003-7 , 18.80元,8.7,247447人评价,家庭生活回忆录
最好的告别,[美] 阿图・葛文德（Atul Gawande） , 王一方 主编 , 浙江人民出版社 , 2015-7-31 , 54.90元,9.0,26987人评价,关于衰老与死亡，你必须知道的常识
巨人的陨落,[英] 肯・福莱特 , 于大卫 , 江苏凤凰文艺出版社 , 2016-5-1 , 129.80元,8.9,68409人评价,五个家族，一场战争
呼兰河传,萧红 ,, 百花文艺出版社 , 2005-01 , 19.00,8.9,57849人评价,萧红的童年往事
这些人，那些事,吴念真 ,, 译林出版社 , 2011-9 , 28.00元,8.8,57209人评价,平淡叙述下的惊心动魄
道德经,黄元吉 ,, 陕西人民出版社 , 1996-10 , 4.50元,9.4,13229人评价,中国历史上首部完整的哲学著作
朝花夕拾,鲁迅 ,, 人民文学出版社 , 1972年4月 , 0.25元,8.8,89568人评价,在纷扰中寻出一点闲静
海子的诗,海子 ,, 人民文学出版社 , 1999-04 , 15.40,8.9,34771人评价,
你当像鸟飞往你的山,[美] 塔拉・韦斯特弗 , 任爱红 , 南海出版公司 , 2019-10-20 , 59.00元,8.8,74604人评价,我来自一个极少有人能想象的家庭，教育给了我新世界
教父,[美]马里奥・普佐 , 周汉林 , 译林出版社 , 1997-8 , 23.30元,9.0,32688人评价,“教父三部曲”电影原著
唐诗三百首,蘅塘退士 ,, 中华书局 , 1998-1-1 , 0.65,9.4,15817人评价,熟读唐诗三百首，不会吟诗也会吟
飞鸟集,[印] 罗宾德拉纳德・泰戈尔 , 徐翰林 , 哈尔滨出版社 , 2004-6 , 16.80元,8.9,52340人评价,一个淡泊清透的世界
罗杰疑案,[英] 阿加莎・克里斯蒂 , 常禾 , 新星出版社 , 2013-3 , 28.00元,9.2,21108人评价,
看不见的城市,[意大利]伊塔洛・卡尔维诺 , 张宓 , 译林出版社 , 2006-8 , 16.00元,8.8,34636人评价,每一座城市都只在想象中耸立，又在描述中坍圮
斯通纳,[美] 约翰・威廉斯 , 杨向荣 , 上海人民出版社 , 2016-1 , 49.00元,8.8,35313人评价,即使不能拥有完美的生活，所幸追求过完整的自我
鼠疫,(法)阿尔贝・加缪 , 刘方 , 上海译文出版社 , 2013-8 , 34.00元,9.1,26900人评价,用别样的监禁生活再现某种监禁生活，与用不存在的事表现真事同等合理
人生的枷锁,[英] 毛姆 , 张柏然 , 上海译文出版社 , 2007-3 , 32.00元,9.0,21205人评价,在混沌纷扰的生活漩流中，寻求人生的真谛
鹿鼎记（全五册）,金庸 ,, 广州出版社 花城出版社 , 2008-3 , 108.00元,8.8,46626人评价,武侠的解构，流氓的狂欢
边城,沈从文 ,, 北岳文艺出版社 , 2002-4 , 12.00元,8.7,184676人评价,一切充满了善，然而到处是不凑巧
梦里花落知多少,三毛 ,, 北京十月文艺出版社 , 2007-6 , 28.00元,8.8,78947人评价,哀而不伤
叫魂,[美] 孔飞力 , 陈兼 , 生活・读书・新知三联书店 上海三联书店 , 2012-5 , 38.00元,9.0,20641人评价,1768年中国妖术大恐慌
金色梦乡,[日] 伊坂幸太郎 , 李彦桦 , 译林出版社 , 2010-9 , 35.00元,9.0,19828人评价,伊坂幸太郎代表作
时间简史,[英] 史蒂芬・霍金 , 许明贤 , 湖南科学技术出版社 , 2010-4 , 45.00元,8.8,48428人评价,探索时间和空间的核心秘密
王尔德童话,[英] 王尔德 , 王林 , 译林出版社 , 2003-6 , 6.00元,9.1,16884人评价,一颗纯美纯善、永难泯灭的童心
冬牧场,李娟 ,, 新星出版社 , 2012-6 , 29.80元,9.0,18865人评价,阿勒泰的精灵
陆犯焉识,严歌苓 ,, 作家出版社 , 2011-10 , 35.00元,8.8,45692人评价,翻手为苍凉，覆手为繁华
美的历程,李泽厚 ,, 生活・读书・新知三联书店 , 2009-1-1 , 43.00元,9.2,17410人评价,中国美学经典之作
一个陌生女人的来信,[奥] 斯台芬・茨威格 , 张玉书 , 上海译文出版社 , 2007-7 , 20.00元,8.7,110786人评价,暗恋的极致
人生的智慧,[德] 阿图尔・叔本华 , 韦启昌 , 上海人民出版社 , 2008-10 , 28.00元,9.2,17862人评价,对世俗、实用问题深刻而透彻的讨论
野草,鲁迅 ,, 人民文学出版社 , 1973-3 , 0.20元,9.4,13361人评价,我以这一丛野草，在明与暗，生与死，过去与未来之际，献于友与仇，人与兽，爱者与不爱者之前作证。
彷徨,鲁迅 ,, 人民文学出版社 , 1973年3月 , 0.37元,9.0,23967人评价,路漫漫其修远兮，吾将上下而求索
孽子,白先勇 ,, 广西师范大学出版社 , 2010.10 , 46.00元,9.1,17438人评价,写给那一群， 在最深最深的黑夜里， 独自彷徨街头， 无所依归的孩子们
献给阿尔吉侬的花束,[美] 丹尼尔・凯斯 , 陈澄和 , 广西师范大学出版社 , 2015-4 , 36.00元,9.1,18842人评价,当声称能改造智能的科学实验选中心智障碍主角
孩子你慢慢来,龙应台 ,, 生活・读书・新知三联书店 , 2009-12-1 , 28.00元,8.7,64584人评价,我们现在怎样做母亲
史蒂夫・乔布斯传,[美] 沃尔特・艾萨克森 , 管延圻 , 中信出版社 , 2011-10-24 , 68.00元,8.7,48903人评价,完美主义者的最高形态
十万个为什么,少年儿童出版社 ,, 1962 , 30.00元,,9.1,10713人评价,
离开的，留下的,[意] 埃莱娜・费兰特 , 陈英 , 人民文学出版社 , 2017-10 , 62.00,8.7,37269人评价,探索中年的虚无、困惑、野心和近乎残暴的爱
史大V（上下）,X穆 ,, 商沼^ , 2013-8 , 76.00元,9.3,12457人评价,钱穆中国通史
苏菲的世界,[挪] 乔斯坦・贾德 , 萧宝森 , 作家出版社 , 2007-10 , 26.00元,8.8,40426人评价,哲学启蒙书
爱的艺术,[美] 艾・弗洛姆 , 李健鸣 , 上海译文出版社 , 2008-4 , 15.00元,8.8,30345人评价,谦恭地、勇敢地、真诚地和有纪律地爱他人
昨日的世界,[奥] 斯蒂芬・茨威格 , 舒昌善 , 广西师范大学出版社 , 2004-5-1 , 32.00元,9.2,10434人评价,一个高贵而残破的昨日镜像
万水千山走遍,三毛 ,, 哈尔滨出版社 , 2003-08 , 13.80,8.8,35929人评价,从遥远的撒哈拉到敦煌戈壁
经济学原理（上下）,[美] 曼昆 , 梁小民 , 机械工业出版社 , 2003-8 , 88.00元,9.1,16256人评价,经济学家们的世界观
我也有一个梦想,林达 ,, 生活・读书・新知三联书店 , 2004-08 , 25.00元,9.0,13338人评价,在法治国家里，民众怎样运用法律
九州・缥缈录,江南 ,, 人民文学出版社 , 2015-10 , 198.00元,8.8,4879人评价,一轴腥风血雨的乱世长卷，中国版《冰与火之歌》
送你一颗子弹,刘瑜 ,, 上海三联书店 , 2010-1 , 25.00元,8.6,128507人评价,在这本书里，被“审视”的东西杂七杂八
浮生六记,（清）沈复 ,, 人民文学出版社 , 1999-1 , 5.70元,8.8,48521人评价,苟不记之笔墨，未免有辜彼苍之厚
绿毛水怪,王小波 ,, 时代文艺出版社 , 2009-1 , 30.00元,9.0,16085人评价,我们好象在池塘的水底，从一个月亮走向另一个月亮
不能承受的生命之轻,米兰・昆德拉 , 许钧 , 上海译文出版社 , 2010-8 , 29.00元,8.8,34387人评价,
情书,[日] 岩井俊二 , 穆晓芳 , 天津人民出版社 , 2004-7 , 18.00元,8.6,88315人评价,一场同名同姓的误会，两段可贵的爱情
球状闪电,刘慈欣 ,, 四川科学技术出版社 , 2005-6 , 22.00元,8.7,55821人评价,量子之外，没有真相
倾城之恋,张爱玲 ,, 北京十月文艺出版社 , 2006-12 , 29.80元,8.7,39753人评价,“一对平凡的夫妻”之间的“一点真心”
野火集,龙应台 ,, 文汇出版社 , 2005-8 , 25.00元,8.8,30853人评价,中国人，你为什么不生气
小径分岔的花园,[阿根廷] 博尔赫斯 , 王永年 , 上海译文出版社 , 2015-7 , 23.00,8.9,18282人评价,一个谜语，谜底正是时间
亮剑,都梁 ,, 解放军文艺出版社 , 2005-3 , 28.00元,8.9,20929人评价,面对强大的对手，明知不敌，也要毅然亮剑
四世同堂,老舍 ,, 北京十月文艺出版社 , 2008-07 , 36.00元,9.3,17190人评价,北平沦陷时代广大平民的悲惨遭遇
面纱,(英)W.萨默塞特・毛姆 , 阮景林 , 重庆 , 2012-05-01 , 32.00元,8.7,44465人评价,揭去生活的面纱
目送,龙应台 ,, 生活・读书・新知三联书店 , 2009-10 , 39.00元,8.6,188776人评价,不必追
银河系漫游指南,[英] 道格拉斯・亚当斯 , 徐百柯 , 四川科学技术出版社 , 2005-6 , 16.00元,8.8,18179人评价,一场穿越银河的冒险
亲爱的安德烈,龙应台 ,, 人民文学出版社 , 2008-12 , 26.00,8.6,105340人评价,弭平代沟，跨越文化阻隔
古文观止,吴楚材 ,, 中华书局 , 1987-1-1 , 21.00元,9.1,14434人评价,收录自先秦至明末的散文二百二十二篇
温柔的夜,三毛 ,, 北京十月文艺出版社 , 2007-5 , 28.00元,9.1,16346人评价,三毛在加纳利群岛的生活
我的阿勒泰,李娟 ,, 云南人民出版社 , 2010-7-1 , 22.00元,8.8,18815人评价,描写疆北阿勒泰地区生活和风情的原生态散文集
麦琪的礼物,[美] 欧・亨利 , 张经浩 , 上海社会科学院出版社 , 2003-7 , 25.00元,8.6,60189人评价,日常的奇迹
解忧杂货店,[日] 东野圭吾 , 李盈春 , 南海出版公司 , 2014-5 , 39.50元,8.5,655106人评价,现代人内心流失的东西，这家杂货店能帮你找回
故事,[美] 罗伯特・麦基 , 周铁东 , 天津人民出版社 , 2014-9-1 , 68.00元,9.2,11222人评价,材质、结构、风格和银幕剧作的原理
激荡三十年,吴晓波 ,, 中信出版社 , 2008-7-1 , 32.00元,8.6,11433人评价,中国企业1978―2008
受戒,汪曾祺 ,, 漓江出版社 , 1987-10 , 3.95元,9.3,13771人评价,江南乡镇民间生活，健康淳朴的人性
尼罗河上的惨案,[英] 阿加莎・克里斯蒂 , 宫英海 , 人民文学出版社 , 2006-5 , 22.00元,8.7,37468人评价,阿加莎・克里斯蒂代表作
阿勒泰的角落,李娟 ,, 万卷出版公司 , 2010-6 , 25.00元,9.1,12258人评价,白雪和阳光，青草和白桦林
霸王别姬,李碧华 ,, 人民文学出版社 , 1999-1 , 10.20元,9.1,14251人评价,人间，只是抹去了脂粉的脸
渴望生活,[美] 欧文・斯通 , 常涛 , 北京十月文艺出版社 , 2008-4 , 29.80元,9.2,9525人评价,梵高悲惨而成就辉煌的人生
半生缘,张爱玲 ,, 北京十月文艺出版社 , 2006-12 , 28.00元,8.6,71708人评价,世钧，我们回不去了
罗生门,[日]芥川龙之介 , 林少华 , 上海译文出版社 , 2008-7 , 12.00元,8.7,50092人评价,人生，远比地狱更像地狱
德米安,[德] 赫尔曼・黑塞 , 丁君君 , 上海人民出版社 , 2009-3 , 25.00元,9.0,17127人评价,少年辛克莱寻找通向自身之路的艰辛历程
社会心理学,[美] 戴维・迈尔斯 , 张智勇 , 人民邮电出版社 , 2006-1 , 68.00元,9.0,18694人评价,人们是如何思索、影响他人并与他人建立联系的
我不知道该说什么，关于死亡还是爱情,S.A.阿列克谢耶维奇 ,, 方祖芳 , 花城出版社,,9.0,14748人评价,真实记录切尔诺贝利核灾难事件
枪炮、病菌与钢铁,[美] 贾雷德・戴蒙德 , 谢延光 , 上海世纪出版集团 , 2006-4-1 , 45.00元,8.7,33893人评价,人类社会的命运
棋王,阿城 ,, 作家出版社 , 1999-10 , 13.00,8.8,22884人评价,我从未真正见过火，也未见过毁灭，更不知新生
天朝的崩溃,茅海建 ,, 生活・读书・新知三联书店 , 2005-7 , 32.00元,9.1,11210人评价,鸦片战争再研究
失明症漫记,(葡)若泽・萨拉马戈 , 范维信 , 南海出版公司 , 2014-2 , 29.50,9.1,13366人评价,失明症迅速蔓延，整个城市陷入一场空前的灾难
万物有灵且美,[英] 吉米・哈利 , 种衍伦 , 中国城市出版社 , 2010-1 , 28.80,8.8,18690人评价,活泼的生命完全无须借助魔法，便能对我们述说至美至真的故事
罪与罚,[俄] 陀思妥耶夫斯基 , 岳麟 , 上海译文出版社 , 2006-8 , 23.00元,9.1,13840人评价,描绘人内心的全部深度
最好的我们,八月长安 ,, 湖南文艺出版社 , 2013-8-5 , 55,8.7,58083人评价,耿耿余淮
总统是靠不住的,林达 ,, 生活・读书・新知三联书店 , 2004-08 , 21.80,8.8,17814人评价,美国政治法律制度的基本原理和操作细节
人间草木,汪曾祺 ,, 江苏文艺出版社 , 2005-01 , 20.00元,9.0,17027人评价,我就是要这样香，香得痛痛快快
我的天才女友,[意] 埃莱娜・费兰特 , 陈英 , 人民文学出版社 , 2017-1 , 42.00元,8.5,62091人评价,“那不勒斯四部曲”第一部，两个女人，50年的友谊和战争
顾城的诗,顾城 ,, 人民文学出版社 , 1998-12 , 20.00,8.8,19508人评价,火焰是我们诗歌唯一的读者
全球通史,(美) 斯塔夫里阿诺斯 , 吴象婴 , 北京大学出版社 , 2012-2-1 , 168.00元,9.1,12139人评价,从史前史到21世纪
民主的细节,刘瑜 ,, 上海三联书店 , 2009-6 , 25.00,8.6,69850人评价,公民养成手册
上学记,何兆武 口述 ,, 生活・读书・新知三联书店 , 2006-8 , 19.80元,8.9,12433人评价,20世纪中国知识分子的心灵史
荆棘鸟,[澳] 考琳・麦卡洛 , 曾胡 , 译林出版社 , 1998-7 , 28.00元,8.6,45899人评价,澳洲乱世情
倚天屠龙记(共四册),金庸 ,, 三联书店 , 1999-04 , 47.00,8.6,50757人评价,不识张郎是张郎
茶馆,老舍 ,, 人民文学出版社 , 2002-1 , 9.80元,9.0,15740人评价,清末、民初、抗战胜利以后三个历史时期的北京生活风貌
一句顶一万句,刘震云 ,, 长江文艺出版社 , 2009-3 , 29.80,8.7,39108人评价,一句胜过千年
雨季不再来,三毛 ,, 北京十月文艺出版社 , 2007-7 , 28.00元,8.7,42030人评价,三毛少女时代的成长感受
草房子,曹文轩 ,, 江苏少年儿童出版社 , 2009-6 , 18.00元,9.0,23334人评价,男孩桑桑刻骨铭心、终身难忘的六年小学生活
一千零一夜,纳川 ,, 人民文学出版社 , 2003-01 , 22.00,8.7,46440人评价,阿拉伯地区的古代民间传说
雷雨,曹禺 ,, 人民文学出版社 , 1999-05 , 9.20,8.6,62084人评价,一幕人生大悲剧，在一个雷雨夜爆发
正见,宗萨蒋扬钦哲仁波切 , 姚仁喜 , 中国友谊出版公司 , 2007-1 , 25.00元,8.8,14914人评价,佛陀的证悟
此生未完成,于娟 ,, 湖南科技出版社 , 2011-5 , 26.00元,8.9,17082人评价,一个母亲、妻子、女儿的生命日记
青铜时代,王小波 ,, 花城出版社 , 1997-5 , 29.00元,8.7,20794人评价,唐人传奇贯注现代情趣
认识电影,[美] 路易斯・贾内梯 , 焦雄屏 , 世界图书出版公司 , 2007-11 , 68.00元,8.9,14372人评价,电影入门经典之作
从一到无穷大,[美] G. 伽莫夫 , 暴永宁 译 , 科学出版社 , 2002-11 , 29.00元,9.1,10182人评价,科学中的事实和臆测
海风中失落的血色馈赠,[加拿大] 阿利斯泰尔・麦克劳德 , 陈以侃 , 上海文艺出版社 , 2015-6-1 , CNY 20.00,9.1,10611人评价,男女之间、父母与子女之间紧密的纽带和难以逾越的鸿沟
孙子兵法,孙武 , 郭化若 , 上海古籍出版社 , 2006-7 , 20.00元,9.4,9440人评价,我国最古老最杰出的一部兵书
一桩事先张扬的凶杀案,[哥伦比亚] 加西亚・马尔克斯 , 魏然 , 南海出版公司 , 2013-6 , 25.00元,8.7,24549人评价,我如此急切地想要讲述这桩案件，也许是它最终确定了我的作家生涯
水浒传（全二册）,[明] 施耐庵 ,, 人民文学出版社 , 1997-1 , 50.60元,8.6,59857人评价,替天行道
理想国,[古希腊] 柏拉图 , 郭斌和 , 商务印书馆 , 1986-8 , 28.00元,8.8,23849人评价,人类历史上最早的乌托邦
牧羊少年奇幻之旅,[巴西] 保罗・柯艾略 , 丁文林 , 南海出版公司 , 2009-3-1 , 25.00元,8.5,125086人评价,你自己就是最大的宝藏
繁花,金宇澄 ,, 上海文艺出版社 , 2013-3 , 48.00元,8.7,21114人评价,海上繁花，请静观静读
圣经,中国基督教协会 ,, 中国基督教协会 , 1996,,9.0,16452人评价,上帝说，要有光
银河帝国：基地七部曲,[美] 艾萨克・阿西莫夫 , 叶李华 , 江苏凤凰文艺出版社 , 2015-10-1 , 328.00元,9.5,5851人评价,阿西莫夫经典科幻小说
火星救援,[美] 安迪・威尔 , 陈灼 , 译林出版社 , 2015-10 , 38.00,8.9,12949人评价,跟火星来一场不是你死就是我活的过家家游戏
你一生的故事,[美] 特德・姜 , 李克勤 , 译林出版社 , 2015-5 , 36.00元,8.7,23187人评价,特德・姜科幻小说集
棋王・树王・孩子王,阿城 ,, 江苏文艺出版社 , 2016-3-1 , 58.00,9.2,10476人评价,
黑客与画家,[美] Paul Graham , 阮一峰 , 人民邮电出版社 , 2011-4 , 49.00元,8.7,19008人评价,硅谷创业之父Paul Graham文集
中国哲学简史,冯友兰 , 赵复三 , 新世界出版社 , 2004-1 , 38.00元,8.9,15814人评价,中国哲学入门书
庄子,孙通海 译注 , 方勇 译注 , 中华书局 , 2007-04 , 20.00元,9.4,7995人评价,野马也，尘埃也，生物之以息相吹也
金锁记,张爱玲 ,, 哈尔滨出版社 , 2005-6 , 13.5元,8.6,50487人评价,一个小商人家庭出身的女子曹七巧的心灵变迁历程
额尔古纳河右岸,迟子建 ,, 北京十月文艺出版社 , 2005-12-1 , 29.00元,9.0,13861人评价,东北少数民族鄂温克人生存现状及百年沧桑
巨流河,齐邦媛 ,, 生活・读书・新知三联书店 , 2010-10 , 39.00元,8.7,25946人评价,两代人从巨流河到哑口海的故事
强风吹拂,三浦紫苑 , 林佩瑾 , 广西师范大学出版社 , 2015-1-1 , 39.00元,9.0,12147人评价,明明这么痛苦，这么难过，为什么就是不能放弃跑步？
张爱玲文集,张爱玲 ,, 安徽文艺出版社 , 1992年 , 45元,8.9,13104人评价,
众病之王,[美] 悉达多・穆克吉 , 李虎 , 中信出版社 , 2013-2-4 , 42.00元,9.1,8658人评价,癌症传
简爱（英文全本）,[英] 夏洛蒂・勃朗特 ,, 世界图书出版公司 , 2003-11 , 18.00元,8.5,189490人评价,灰姑娘在十九世纪
恶意,[日] 东野圭吾 , 娄美莲 , 南海出版公司 , 2009-6 , 18.00,8.4,201478人评价,将手记体叙事的无限可能发挥得淋漓尽致
象棋的故事,[奥] 斯台芬・茨威格 , 张玉书 , 上海译文出版社 , 2007-7 , 23.00元,9.1,9040人评价,纳粹法西斯对人心灵的折磨及摧残
设计中的设计,[日] 原研哉 , 朱锷 , 山东人民出版社 , 2006-11 , 48.00元,8.6,30104人评价,日常生活的无限可能性
故事新编,鲁迅 ,, 人民文学出版社 , 1973-12-01 , 0.31 元,9.2,9174人评价,拾取古代传说，取一点因由，随意点染
ZOO,[日] 乙一 , 李颖秋 , 当代世界出版社 , 2007-10 , 20.00元,8.6,35718人评价,噩梦中的一丝温度
毛姆短篇小说精选集,(英)威廉・萨默塞特・毛姆 , 冯亦代 , 译林出版社 , 2012-11 , 36.00元,9.0,8930人评价,在各种光怪陆离的场景中，迷失的人性引发了一连串的悲剧
夏洛的网,[美] E.B.怀特 , 任溶溶 , 上海译文出版社 , 2004-5 , 17.00元,8.6,53825人评价,一个蜘蛛和小猪的故事，写给孩子，也写给大人
荒原狼,[德]赫尔曼・黑塞 , 赵登荣 , 上海译文出版社 , 2008-7 , 13.00,9.0,11314人评价,“超现实主义”风格作品，德国的《尤利西斯》
论语,中华书局 ,, 2006-12 , 9.80元,,9.1,14084人评价,仁远乎哉？我欲仁，斯仁至矣
世界尽头与冷酷仙境,[日] 村上春树 , 林少华 , 上海译文出版社 , 2002-12 , 23.00元,8.6,37846人评价,交叉平行蒙太奇
步履不停,[日] 是枝裕和 , 郑有杰 , 北京联合出版公司 , 2017-5 , 36.80元,8.7,26893人评价,人生路上，步履不停，总有那么一点来不及
稻草人手记,三毛 ,, 北京十月文艺出版社 , 2009-3 , 18.00元,8.9,15351人评价,三毛在加纳利群岛上的生活
当呼吸化为空气,[美] 保罗・卡拉尼什 , 何雨珈 , 猫头鹰文化・浙江文艺出版社 , 2016-12 , 48.00元,8.8,17085人评价,你在死亡中探究生命的意义，你见证生前的呼吸化作死后的空气
人类的群星闪耀时,[奥] 斯蒂芬・茨威格 , 舒昌善 , 广西师范大学出版社 , 2004-8 , 18.00元,8.7,22031人评价,十四个影响人类文明的瞬间
佐贺的超级阿嬷,[日] 岛田洋七 , 陈宝莲 , 南海出版公司 , 2007-3 , 20.00元,8.7,19233人评价,乐观的外婆却总有神奇的办法
狂热分子,[美] 埃里克・霍弗 , 梁永安 , 广西师范大学出版社 , 2011-6 , 34.00元,8.9,10731人评价,探讨群众运动的共有特征
二手时间,[白俄] S. A. 阿列克谢耶维奇 , 吕宁思 , 中信出版集团 , 2016-1 , 55.00元,8.8,14792人评价,用最为细小的马赛克拼出了一幅完整的后苏联时代图景
香水,[德] 帕・聚斯金德 , 李清华 , 上海译文出版社 , 2005-5 , 20.00元,8.5,36877人评价,每一次谋杀只因迷恋她们身上的味道
挪威的森林,[日] 村上春树 , 林少华 , 上海译文出版社 , 2007-7 , 23.00元,8.5,106485人评价,像喜欢春天的熊一样
多情剑客无情剑(上、中、下),古龙 ,, 海天出版社 , 1991-12-01 , 49.8,8.7,17525人评价,流水滔滔斩不断，情丝百结冲不破
社会契约论,卢梭 , 何兆武 , 商务印书馆 , 2003-2-1 , 18.00元,8.8,14244人评价,一个国家只能有一个契约
影响力,[美] 罗伯特・西奥迪尼 , 陈叙 , 中国人民大学出版社 , 2006-5 , 45.00元,8.6,40797人评价,营销防骗指南
牡丹亭,汤显祖 ,, 人民文学出版社 , 1963-4-1 , 14.50元,9.0,10007人评价,不到园林，怎知春色如许
金阁寺,[日] 三岛由纪夫 , 唐月梅 , 上海译文出版社 , 2009-1 , 24.00,8.7,21164人评价,他的犯罪动机是对美的嫉妒
世界的凛冬,[英] 肯・福莱特 , 陈杰 , 江苏凤凰文艺出版社 , 2017-3-1 , 132.00（全三册）,8.8,20512人评价,我亲眼目睹，每一个迈向死亡的生命都在热烈地生长
美丽新世界,[英] 阿道司・赫胥黎 , 王波 , 重庆出版社 , 2005-6 , 20.00元,8.7,22412人评价,最经典的反乌托邦文学之一
老人与海,海明威 , 吴劳 , 上海译文出版社 , 1999-10 , 8.20元,8.4,159848人评价,正是悲壮赋予生活以意义
了不起的盖茨比,[美] 斯科特・菲茨杰拉德 , 邓若虚 , 南海出版公司 , 2012-5 , 25.00元,8.7,28371人评价,
哈姆莱特,[英] 莎士比亚 , 朱生豪 , 人民文学出版社 , 2001-1 , 7.00元,8.6,37116人评价,生存还是毁灭，这是一个值得思考的问题
告白,[日]凑佳苗 , 丁世佳 , 哈尔滨出版社 , 2010年6月 , 26.00元,8.5,11637人评价,
安娜・卡列尼娜,[俄] 列夫・托尔斯泰 , 草婴 , 上海文艺出版社 , 2007-8 , 37.00元,9.2,11588人评价,
别闹了，费曼先生,[美] 理查德・费曼 , 吴程远 , 生活・读书・新知三联书店 , 1997-12 , 22.00,8.9,8860人评价,科学顽童的故事
通往奴役之路,(英)弗里德利希・奥古斯特・哈耶克 , 王明毅 , 中国社会科学出版社 , 1997-08-01 , 16.00,8.8,12921人评价,古典自由主义杰作
规训与惩罚,[法] 米歇尔・福柯 , 刘北成 , 生活・读书・新知三联书店 , 2003-1 , 21.80元,9.2,6630人评价,伴随着惩罚的人性化，自由反而日益丧失了
骆驼祥子,老舍 ,, 人民文学出版社 , 2000-3-1 , 12.00,8.4,157409人评价,旧中国老北京贫苦市民的典型命运
欢乐英雄,古龙 ,, 珠海出版社 , 2005-8 , 28.00元,8.8,13314人评价,坚持自己的信念，在贫穷中获得欢乐与友谊
一个人的村庄,刘亮程 ,, 春风文艺出版社 , 2006-1-1 , 28.00元,8.9,12387人评价,他是真正的作家，也是真正的农民
美国宪政历程,任东来 ,, 中国法制出版社 , 2014-1 , 35.00元,9.1,6916人评价,25个案例异彩纷呈，美国宪政的酸甜苦辣尽在其中
长袜子皮皮,[瑞典] 阿斯特丽德・林格伦 , 李之义 , 中国少年儿童出版社 , 1999-3 , 17.80元,9.0,8912人评价,
海底两万里,[法国] 儒尔・凡尔纳 , 沈国华 , 译林出版社 , 2002-9 , 19.50元,8.5,83452人评价,你听说过鹦鹉螺号吗？
2001太空漫游,[英] 阿瑟・克拉克 , 郝明义 , 上海人民出版社 , 2007-11 , 28.00元,9.1,7049人评价,科幻三巨头之一阿瑟・克拉克代表作
尘埃落定,阿来 ,, 人民文学出版社 , 1998-3-1 , 22.0,8.5,53157人评价,一个傻子的土司家族传奇
长夜难明,紫金陈 ,, 云南人民出版社 , 2017-1 , 42.00元,8.5,44607人评价,
西方哲学史（上卷）,[英] 罗素 , 何兆武 , 商务印书馆 , 1963-9 , 25.00,8.9,11821人评价,西方哲学史及其与从古代到现代的政治、社会情况的联系
社会性动物,Elliot Aronson , 邢占军 , 华东师范大学出版社 , 2007-12 , 45.00元,9.1,9017人评价,美国社会心理学的《圣经》
批评官员的尺度,[美] 安东尼・刘易斯 , 何帆 , 北京大学出版社 , 2011-7 , 32.00元,8.9,8750人评价,新闻自由史上的里程碑案件：《纽约时报》诉沙利文案
过于喧嚣的孤独,(捷克) 赫拉巴尔 , 杨乐云 , 北京十月文艺出版社 , 2011-10 , 22.00元,8.8,11305人评价,我为它而活着，并为写它推迟了我的死亡
不存在的骑士,[意] 伊塔洛・卡尔维诺 , 吴正仪 , 译林出版社 , 2012-4 , 22.00元,8.9,10366人评价,
娱乐至死,[美] 尼尔・波兹曼 , 章艳 , 广西师范大学出版社 , 2011-6 , 29.80元,8.5,36092人评价,一切公众话语都日渐以娱乐的方式出现，一切文化内容都成为娱乐的附庸
如父如子,[日] 是枝裕和 , 丹勇 , 湖南文艺出版社 , 2018-4 , 49.80,8.9,17222人评价,
心理学与生活,[美] 理查德・格里格 , 王垒 , 人民邮电出版社 , 2003-10 , 88.00元,8.8,16810人评价,是教科书，也是通俗易懂的好读物
